{
  "id": "",
  "name": "",
  "font_family": "iconfont",
  "css_prefix_text": "icon-",
  "description": "",
  "glyphs": [
    {
      "icon_id": "10292039",
      "name": "删 除",
      "font_class": "shanchu",
      "unicode": "e614",
      "unicode_decimal": 58900
    },
    {
      "icon_id": "11474324",
      "name": "play",
      "font_class": "play",
      "unicode": "e701",
      "unicode_decimal": 59137
    },
    {
      "icon_id": "11487977",
      "name": "arrow-right",
      "font_class": "arrow-right",
      "unicode": "e743",
      "unicode_decimal": 59203
    },
    {
      "icon_id": "11487978",
      "name": "arrow-left",
      "font_class": "arrow-left",
      "unicode": "e744",
      "unicode_decimal": 59204
    },
    {
      "icon_id": "11488000",
      "name": "category",
      "font_class": "category",
      "unicode": "e747",
      "unicode_decimal": 59207
    },
    {
      "icon_id": "11488001",
      "name": "close",
      "font_class": "close",
      "unicode": "e748",
      "unicode_decimal": 59208
    },
    {
      "icon_id": "11488146",
      "name": "suspended",
      "font_class": "suspended",
      "unicode": "e768",
      "unicode_decimal": 59240
    },
    {
      "icon_id": "11488206",
      "name": "user center",
      "font_class": "usercenter",
      "unicode": "e773",
      "unicode_decimal": 59251
    },
    {
      "icon_id": "12011692",
      "name": "account",
      "font_class": "account",
      "unicode": "e7b2",
      "unicode_decimal": 59314
    },
    {
      "icon_id": "12011695",
      "name": "favorites",
      "font_class": "favorites",
      "unicode": "e7b3",
      "unicode_decimal": 59315
    },
    {
      "icon_id": "12011697",
      "name": "search",
      "font_class": "search",
      "unicode": "e7b4",
      "unicode_decimal": 59316
    },
    {
      "icon_id": "18126063",
      "name": "Loop",
      "font_class": "Loop",
      "unicode": "e894",
      "unicode_decimal": 59540
    },
    {
      "icon_id": "18963668",
      "name": "随机播放",
      "font_class": "suijibofang",
      "unicode": "e6a0",
      "unicode_decimal": 59040
    },
    {
      "icon_id": "18963837",
      "name": "顺序播放",
      "font_class": "shunxubofang",
      "unicode": "e6a1",
      "unicode_decimal": 59041
    }
  ]
}
